sequence,label
RGGRLCYCRRRFCICV,1
LLGDFFRKSKEKIGKEFKRIVQRIKDFLRNLVPRTES,1
RGGRLCYCRRRFCVCT,1
FLPLVTMLLGKLF,1
GFLGPLLKLGLKGVAKVIPHLIPSRQQ,1
LLKWLLKWLLK,1
IWRIFRRIF,1
CGESCVWIPCISSAVGCSCKNKVCYKNGTP,1
GWGSFFKKAAAVGKAVGKAALTAYL,1
AAAKAALNAVLVGANA,1
GRFKRFRKKFKKLFKKLSPVIPLLHL,1
HFLLKLVNLAKKIL,1
MGIIAGIIKVIKSLIEQFTGK,1
KKKKKKAAFLAWALFAA,1
GFGSLLGKALKIGTNLL,1
FWGALAKGALKLIPSLFSSFSKKD,1
GVPCGESCVFIPCITGVIGCSCSSNVCYLN,1
FLGWLFKWAWK,1
KLLKWLKKLLK,1
FLPILAGLAAKLVPKVFCSITKKC,1
GKVLDKFGKIVGKVLKQLKKVSAVAKV,1
FDLLGLVKSVVSAL,1
KWLNALLHHGLNCAKGVLA,1
TQTVYEWCGVATQLLAAYILL,1
CGESCVYIPCLTSAIGCSCKSKVCYRNGIP,1
KWCFRVCYRGICYRRCR,1
KKAAAAFAAFAAWFAAFAAAAKKKK,1
GILSSFKGVAKGVAKDLAGKLLETLKCKITGC,1
FIGLLISAGKAIHDLIRRRH,1
GALRGCWTKSYPPKPCK,1
LRLEYRRFEYRV,1
KLALKLALKALKAALKLA,1
SRWRDVARNFMRRYQSRVIQGLVA,1
GRWKRWRKKWKKLWKKLS,1
SWLRDIWDWSCEVLSDFK,1
GRFKRFRKKFKKLFKKLSPVIPLLHLG,1
FLGLLFHGVHHVGKWIHGLIHGHH,1
ALWKTLLKKVLKAAAK,1
AWKVFKRLGIGAVLWVLTWG,1
KKLFKKILKWL,1
GIGAILKVLATGLPTLISWI,1
FVQWFSKFLGKIL,1
LNWGAWLKHWWK,1
ILPWKWPYLPWRR,1
FHPSLWVLIPQYIQLIRKILKSG,1
KLLKLLLKLLLKLLK,1
GLLALISWIKRKRQQ,1
CGESCVYIPCLTSAVGCSCKSKVCYRNGIP,1
KNWKGIAGMAKKLLGKNWKLMKK,1
KWLRRVWRWWR,1
KWKSFIKKLTSKFLHLAKKF,1
ILPWKWPWLPYRR,1
SWLRDIWDWECEVLSDFK,1
LKLFKKILKYL,1
IFGAIWKGISSLL,1
GILKTIKSIASKVANTVQKLKRKAKNAVA,1
GFFALIPKIISSPLFKTLLSAVGSALSSSGGQE,1
LKLLLLKLLKLKLWK,1
KWKSFLKTFKSAKKTVLHTALKAISS,1
LCYCRRRFCVC,1
SVSNAATRVCRTGRSRWRDVCRNFMR,1
FLPLIGRVLSGIL,1
SWLRDIWDWLCELLSDFK,1
KLLKKLLKLWKKLLKKLK,1
GILKTIKSIASKVANTVQKLKRKAKNAV,1
KWKKLLKKLLKLL,1
GLPKCGETCVGGTCNTPGCTCSWPVCTRN,1
GTPCGESCVYIPCISGVIGCSCTDKVCYLN,1
GFLGPLLKLAAKGVAKVIPHLIPSRQQ,1
CGESCVWIPCTITALAGCKCKSKVCYNSIP,1
KKKLLLLLLLLLKKK,1
GIGKFIHAAKKFGKLFIGEIMNS,1
FVDLKKIANIINSIFGK,1
RRWCFRVCYRGRFCYRKCR,1
GLLGKILGVEKKVLCGLSGMC,1
FFHHIFRPIVHVAKTIHRLVTG,1
FLSLALAALPKFLCLVFKKC,1
ILGKLLSTAAGLLSKL,1
GLLDFVTGVGKDIFAQLIKQI,1
KKLFKKILKFL,1
FLSIIAKVLGSLF,1
SWLRDIWDWICELLSDFK,1
LLKWLLKWLKK,1
CGETCVGGTCNTPGCTCSWPVCTRNGLPV,1
LLQWLSKLLGRLL,1
KWKSFLKKLTSAAKKVLTTALKPISS,1
GLLGPLLKIAAKVGSKLL,1
FLPILASLAAKFGPKLFCLVTKKC,1
VCGETCFGGTCNTPGCSCTWPICTRDGLP,1
ALWMTLLKKVLK,1
GLFGKILGVGKKVLCGLSGMC,1
LNWGALLKHLLK,1
KKLFKKILKYL,1
GILNTIKSIASKLKRKAK,1
FLPLIGRALSGIL,1
VGTIIKIIKAIIDIFAK,1
RGGGLCYCRRRFCVCVGR,1
GLMSLFRGVLKTAGKHIFKNVGGSLLDQAKCKITGEC,1
INLKALAALAKKIL,1
GIGAVLKVLTTGLPALISWIKRKRQQ,1
ILGKLLSTAAGLLKNL,1
KKKKKKLLFAAWAAFAA,1
LCYCRRRFCWCV,1
RRWPWWPWKWPLI,1
ILGKIWKGIKSLF,1
FLRFIGSVIHGIGHLVHHIGVAL,1
FVKLKKILNIILSIFKK,1
ILGKLLSTAAGLLSNL,1
SWLRDLWDWLCEVLSDFK,1
GFMKYIKPLIPHAVKAISKLI,1
FFRRFFRRFFRRFFRR,1
VRRFPWWWPFLRR,1
LCYCHHHFCVCV,1
LCYCRRRFCFCV,1
KKKKKKAAFALWAAFAA,1
GLFPKFNKKKVKTGIFDIIKTVGKEAGMDVLRTGIDVIGCKIKGEC,1
KWKSFLKTFKSAKKKVLHKALKAISS,1
CGESCVWIPCISSAIGCSCKNKVCYRNGIP,1
GIMRVFKGVLKTAGKSVAKNVAGSFLDRLKCKISGGC,1
GLFGKSSVWGRKYYVDLAGCAKA,1
ILPLKLPWWPWRR,1
KRAKKFFKKPK,1
VFQFLGKIIHHVGNFVHGFSHVF,1
RGGRLCYCRRRFCVCA,1
KNWKGIAGMAKKLLGKNW,1
ALWFTMLKKLGTMALHAGKAALGAAANTISQGTQ,1
FLPVIAGAANFLPKLFCAISKKC,1
FVRWFSRFLGRIL,1
WKKVFKRLEKLFSKIWNWK,1
FVPWFSKFLGRIL,1
RLCYTRGRFTVCVR,1
FVRWFSKFLGRIL,1
FLSSIGKILGNLL,1
KWKKLLKKLLKLLKKLLKKLK,1
SWLRDLWDWLCELLSDFK,1
MSGIVEAISNAVKSGLDHDWVNMGTSIADVVAKGADFIAGFFS,1
FLKWLFKWLKK,1
FAPLIGRVLSGIL,1
FFGWLIKGAIHAGKAIHGLIHRRRH,1
FVQWFSRFLGRIL,1
QRLFQVKGRR,1
KLLLKLLLK,1
FLPVLAGIAAKVVPALFCKITKKC,1
ILGKLLSTAAKLLSNL,1
GVLGTVKNLLIGAGKSAAQSVLKTLSCKLSNDC,1
KWKSFLKTFKSLKKTVLHTALKAISS,1
FFHHIFRGIVHVGKTIHRLVTG,1
FLSTIWNGIKSLL,1
KWKKLLKKLLPLLKKLLKKLK,1
FLPLIGRVLSAIL,1
RGGRLCYCRGWICFCVGR,1
HFLLTLVKLAKKIL,1
FKIKPGKVLDKFGKIVGKVLKQLKKVSAVAKV,1
IKIPAFVKDTLKKVAKGVISAVAGALTQ,1
KIGAKIKIGAKIKIGAKI,1
HAEHKVKIKVKQKYGQFPQGTEVTYTCSGNYFLM,1
KWKSFLKTFKSAVKTVLHTALKAISS,1
FLPILAGLAANILPKVFCSITKKC,1
SWLRDLWDWICEVLSDFK,1
LNWGAILKHIIK,1
KWKSFIKKLTSAAKKVVTTAKPLISS,1
NFLGTLVNLAKKIL,1
GLLSGILGAGKHIICGLSGLC,1
SVSNAATRVARTGRSRWRDVARNFMR,1
LKLASIVSWAKKVL,1
KKLLKWLLKLL,1
FLPILGKLLSGIL,1
TLLKKVLKAAAKAALNAVLVGANA,1
ALPLIGRVLSGIL,1
GWGSFFKKAAHVGKHVAKAALTHYL,1
GFKDLLKGAAKALVKTVLF,1
GLLKKLLKIAAKVGKKLL,1
VNRKKILGKSIKVVK,1
GLMSLFKGVLKTAGKHIFKNVGGSLLDQAKCKITGEC,1
RGLRRLGRKIAHGVKKYGATVLRIIRIA,1
ILGKLLSTAWGLLSNL,1
AAGLAMLFLGILSAAGSTMGARA,1
LNWGAFLKHFFK,1
RWCVYAYVRVAGVLVRYRRCW,1
FLGALLGPLMNLLQ,1
GILKTIKSIASKLKRKAK,1
KNWKGIAGMAKKLLGENWKLM,1
ALWKTLLKKVLKAAA,1
FRFGSFLKKVWKSKLAKKLRSKGKQLLKDYANKVLNGPEEEAAAPAE,1
HYRIKPTFRRLKWKYKGKFW,1
FCYCRRRFCVCVGR,1
KLLLKLLKLLLKLLLKLLK,1
GLMDTVKNAAKNLAGQLLDTIKCKMTGC,1
GFGSLFKFLAKKVAKTVAKQAAKQGAKYVANKHME,1
CGESCVWIPCISAVVGCSCKSKVCYKNGTLP,1
CGESCVWIPCLTSAVGCSCKSKVCYRNGIP,1
KNWKKIAGMAKKLLKKNWKLM,1
ILGKILEGIKSLF,1
CGESCVFIPCVTALLGCSCKSKVCYKNSIP,1
AKKVFKRLGIGAVLWVLTTG,1
FVKLKKILNIINSIFKK,1
GFFALIAQIISSPLFQTL,1
GFWGKLFKLGLHGIGLLHLHL,1
AGYLLGKINLKALAALAKKIL,1
LKAKSIVSWAKKVL,1
FIGAIARLLSKIF,1
GIGKFLHAAKKFAKAFVAEIMNS,1
VFQFLGKIIKKVGNFVKGFSKVF,1
KWKLFKKIPFLHLAKKF,1
LRLKYRRFKYRV,1
GFFALIPKIISSPLFKTLLSAV,1
GLLSKFGRLARKLARVIPKV,1
VCGETCVGGTCNTPGCSCSRPVCTRNGLP,1
KILRGVSKKIMRTFLRRISKDILTGKK,1
TSRCIFYRRKKCS,1
IWRIFRRIFRIFIRF,1
FVDLKKIANIINSIF,1
KWLKKLLKKLL,1
KWKKLLKKLLKLPKKLLKKLKKLLK,1
KVAKQEKKKKKTGRAKRR,1
KKKKKKAAFALWLAFLA,1
KWKSFLKTFKSAKKKVLHKALKAISK,1
GLFGKLIKKFGRKAISYAVKKARGKH,1
FLPLIARVLSGIL,1
LLKKLLKWLKK,1
LLKKLLKKLLKKLLKK,1
KWKKLLKKLLPLLKKLLK,1
GLLSGVLGVGKKVLCGLSGLC,1
KVLKAAAKAALNAVLVGANA,1
MAQDIISTIGDLVKWIIDTVNKFPKK,1
GIGAVLIVLTTGLPALISWIKRKRQQ,1
FKLGSFLKKAWKSKLAKKLRAKGKEMLKDYAKGLLEGGSEEVPGQ,1
ILPWKWPFFPWRR,1
FIHHIFRGIVHAGRSIGRFLTG,1
ILGKLLSTAWGLLSKL,1
KWKKLLKKLLKLLKKLLK,1
HFLGTLVNLAKKIL,1
LLGDEFRKSKEKIGKEFKRIVQRIKDFLRNLVPRTES,1
GKVWDWIKSTAKKLWNSEPVKELKNTALNAAKNLVAEKIGATPS,1
FLPVILPVIGKLLSGIL,1
GLWSKIKTAGKSVAKAAAKAAVKAVTNAV,1
FFHHIFRGIVHVAKTIHRLVTG,1
GWGSFFKKAAHVAKHVAKAALTHYL,1
GILKKFMLHRGTKVYKMRTLSKRSH,1
KAKLFKKIPKFLHLWKKF,1
KKKKKKALFAAWAAFLA,1
KNWKGIAGMAKKLLGKNWELMEK,1
ILQKAVLDCLKAAGSSLSKAAITAIYNKIT,1
ILPWKWPWLPWRR,1
ACYCRRRFCVCVGR,1
FWGALAKGALKLIGVSLFSSFSKKD,1
ICGETCVGGTCNTPGCSCSWPVCTRNGLP,1
FLPFLLSALPKVFCFFSKKC,1
SAPRGCWTKSYPPKPCK,1
FVQWFSKFLGRIL,1
FFHHIFRAIVHVAKTIHRLVTG,1
GFWTTAAEGLKKFAKAGLASILNPK,1
FLPIIGKLLSGLL,1
SWLRDIWDWGCEVLSDFK,1
GIPCAESCVWIPCTVTALVGCSCSDKVCYN,1
FKRLKKLFKKIWNWK,1
RRWCFRVCYKGFCRYKCR,1
VCGETCEGGTCNTPGCSCSWPVCTRNGLP,1
RLYRKVYGRLYRKVYGRLYRKVYGRLYRKVYGRLYRKVYGRLYRKVYGRLYRKVYGRLYRKVYGKKKKKKK,1
CESCVWIPCISSVVGCSCKSKVCYKNGTLP,1
ALWMTLLKKVLKAAAK,1
LKKLLKWLKKL,1
KWKSFIKKLLSKFLHSAKKF,1
WLKKLLKKLLK,1
GFMKYIGPLIPHAVKAISKLI,1
RGLRRLGRKIAHGVKKYGPTVLRIIRIA,1
GLLGKLLKIAAKVGSNLL,1
KWKKLLKKLLKLLKKLL,1
MQFITDLIKKAVDFFKGLFGNK,1
KNWKGIAGMAKKLLGKNWKLM,1
LKLLKWLLKLL,1
LCYCRRRFCYCV,1
GLMDVFKGAAKNLLASALDKIRCKVTKC,1
LKWLLKWLL,1
KWKSFIKKLASKFLHSAKKF,1
CWKWKWKWGSGWKWKWKWC,1
GLPVCGETCVGGTCNTPGCKCSWPVCTRN,1
FLPAIAGILSQLF,1
GFKDLLKKAAKALVKTVLF,1
KNWKGIAGMAKKLLGKNWELMKK,1
FLPLLAGLAANFLPKIFCKITRKC,1
KWKSFLKTFKSAKKTVLHTLLKAISS,1
GILSTFKGLAKGVAKDLAGNLLDKFKCKITGC,1
HFLKTLVNLAKKIL,1
ALWKTMLKKLGTMALHAGKAALGAAADTISQGTQ,1
GFGALFKFLAKKVAKTVAKQAAKQGAKYVVNKQME,1
KWAKKWKWFAKAAWKWYKK,1
ILPWKWPWLPWKK,1
KFFKFFKFF,1
ALWMTLLKKVLKAAAKAALKAVLVGANA,1
GLPVCGETCTLGTCYTQGCTCSWPICKRN,1
ILGIITSLLKSL,1
GLLGPLLKIAAKVGKKLL,1
ILPILSLIGGLL,1
GLMSVLKGVLKTAGKHIFKNVGGSLLDQAKCKISGQC,1
GLKEIFKAGLGSLVKGIAAHVAS,1
DAACAAHCLWR,1
ILGKLLSTAAKLLSKL,1
CGESCVWIPCISAALGCSCKNKVCYRNGIP,1
KWCFRVCYRGICYRRC,1
GLLSGILGAGKQKVCGLSGLC,1
FLPIVGKLLSGLL,1
KLLKLLLKLWLKLLKLLL,1
KWKKLLKKLLKLLKKLLKKLKKLLK,1
GLPALILWIKRKRQQ,1
VCGETCVGGTCNTPGCTCSWPVCTRDGLP,1
KRFKKFFKKPK,1
ALWMTLLKKVLKAAAKAALNAVLVGANA,1
QGWEAVAAAVASKIVGLWRNEKTELLGHECKFTVKPYLKRFQVYYKGRMWCPGWTAIRGEASTRSQSGVAGKTAKDFVRKAFQKGLLSQQEANQWLSS,1
GFFGKMKEYFKKFGASFKRRFANLKKRL,1
KRAKKFFKKLK,1
LLKWLKKLLKK,1
FLPAIGRVLSGIL,1
KKKLFWKIPKFLHLAKKF,1
KWKLFKKILKFLHLAKKF,1
GILGKLWEGFKSIV,1
GIGKFLKKAKKFGKAFVKILKK,1
YCYCRRRFCVCVGR,1
KKFLHSAKKWLKAFVKLKKNW,1
VCYCRRRFCVCVGR,1
CGESCVWIPCISSAIGCSCKSKVCYRNGIP,1
ILPWKWKWWPWRR,1
SWLRDIWDWVCEVLSDFK,1
KLLLKLWLKLLK,1
FKRLEKLFKKIWNWK,1
RGGRLCYCRRRFCVCW,1
ILPWKWKFFPWRR,1
GIFGKILGVGKKVLCGLSGVC,1
WEAKLAKALAKALAKHLAKALAKALKACEA,1
LLIILKKKWKKQAKAKSK,1
KIKLFKKWPKFLHLAKKF,1
RGGRLCYCRRRFCVCVGR,1
FLPLLLAGLPKLLCLFFKKC,1
WKLFKKIPKFLHLAKKF,1
KWKLFKKIGAVLKVL,1
KWKSFLKTFKSLKKTVLHTLLKLISS,1
FWGALAKGALKLIVSLFSSFSKKD,1
FFGWLIRGAIHAGKAIHGLIHRRRH,1
GIGAVLKVLTTGLPALISWI,1
CAESCVYIPCTVTALLGCSCSNRVCYNGIP,1
FLAGLIGGLAKMLGK,1
GCASRCKAKCAGRRCKGWASASFRGRCYCKCFRC,1
LKKLLKWLLKLLK,1
GLPVCGETCVGGTCNTPGCTCSWPVCTRK,1
MAIVGTIIKIIKAIIDIFAK,1
FKIKASKVLDKFGKIVGKVLKQLKKVSAVAKV,1
CGESCVWIPCISAAVGCSCKSKVCYKNGTLP,1
GILDTIKNAAKTVAVGLLEKIKCKMTGC,1
IFGAILPLALGALKNLIK,1
ALWDTLLKKVLKAAAKAALNAVLVGANA,1
GLFGKLIKKFLRKAISYAVKKARGKH,1
LLKLLKWLLKLLK,1
GIGKFLKKAKKFGKAFVKMKK,1
ALWKTLLKKVLKAAAKAALKAVLVGANA,1
RAGLQFPVGRLLRRLLRRLLR,1
KLLKLLLKLWKKLLKLLK,1
FSISPGKVLDKFGKIVGKVLKQLKKVSAVAKV,1
LRLQYRRFQYRV,1
AVGIGALFLGFLGAAGSTMGARS,1
GFMKYIGPLIPHAVKAIKKLI,1
KNWKGIAGMAKKLLGENWELM,1
GFMKYIGPLIPHAVKAISDLI,1
KFAKKFKWFAKAAFKFFKK,1
RRWPLLPWKWPLI,1
LKLLKKLLKKLLKLL,1
KFKSFIKKLTSKFLHSAKKF,1
GIMSLFKGVLKTAGKHVAGSLVDQLKCKITGGC,1
ALWMTLLKKVLKAAAKAALN,1
SWLRDIWDWACEVLSDFK,1
GLSALISWIKRKRQQ,1
FFHHIFRGIVHVGKTIHKLVTG,1
GFKKLLKGAAKALVKTVLF,1
GIGAILKVLATGLPTLISWIKNKRKQ,1
SAISCGETCFKFKCYTPRCSCSYPVCK,1
FWGALAKGALKLIGVGSLFSSFSKKD,1
LCYCRRFRCVCV,1
ILPWKKPKLPWRR,1
WCYCRRRFCVCVGR,1
GFGTILKALAKIAGKVVKKLATKPGATYMLKENLK,1
KWKSFLKTFKSLKKTVLHTALKLISS,1
FKLFKKIPKFLHLAKKF,1
ALWKNMLKGIGKLAGKAALGAVKKLVGAES,1
ILKKLLSTAAGLLSNL,1
GLLGKLLKIAAKVGKKLL,1
FLPILAGLAAKIVPKLFCLATKKC,1
GIGAVLKVLALISWIKRKR,1
RRWCFRVCYRGFCYRKCR,1
ICYCRRRFCVCVGR,1
GFKDLLKGAAKALVKAVLF,1
KFKLKQ,1
AWASFFKKAAHVAKHVAKAALTHYL,1
KWKLFKKISKFLHLAKKF,1
FLWWLFKWAWK,1
TCGETCFGGTCNTPGCTCDPWPICTDRGLP,1
FVQWFSKFLLRIL,1
LKLKSIVSWAKAVL,1
GLGSLLGKAFKFGLKTVGKMMGGAPREQ,1
GLGSVFGRLARIGRVIPKV,1
AKKVFKRLGIGAVLWVLTWG,1
GIFSKINKKKAKTGLFNIIKTVGKEAGMDVIRAGIDTISCKIKGEC,1
HALWKNMLKGIGKLAGKAALGAVKKLVGAES,1
GLLSGTSVRGSI,1
YKLFKKILKKL,1
KRFKKFFKKLK,1
ILPWKWPWWPLRR,1
KKKKKKKKKKKKKKKKKKKKGIGKFLHSAKKFGKAFVGEIMNS,1
RRWPLKPWKKPLI,1
FFHHIFRAIVHVPKTIHRLVTG,1
KWFKKIPKFLHLLKKF,1
GWGSFFKKAAHVAKHVGKAALTHYL,1
GWGSFFKKAAHVGKHVGKAALTHYL,1
ILPLKWPWWPWRR,1
FLPLIGRVLAGIL,1
VNWKKILGKSIKVSK,1
ILPWKWPLLPWRR,1
FRWCFRVCYKGRCRYKCR,1
GVVDILKGAAKDLAGHLATKVMNKL,1
GIIKKIIKKIIKKIIKKI,1
GFFALIAKIISSPLFKTL,1
KWKSFLKTFKSAKKTVLHTALKLISS,1
SWKSFLKTFSSAKSTVLHTALKAISS,1
KKKKKKAAFALWLAFAA,1
LVRGCWTKSYPPKPCFVR,1
LLQWLSKLLGRWL,1
CGESCVWIPCLTSAIGCSCKSKVCYRNGIP,1
FLPLIGAVLSGIL,1
ILGKILKGIKKLF,1
NWKGIAAMAKKLL,1
FIKRIARLLRKIF,1
RRWPLKPKKWPLI,1
RWCVYAYVRVRGVLVRYRRCW,1
SWLRDIWDWICEVLSDFK,1
KWKKLLKKPLKLLKKLLK,1
GIGAVLKVLSTGLPALISWIKRKRQQ,1
RLYRRLYRRLYRRLYRRLYRRLYRRLYRRLYR,1
GLPVCGETCVGGTCNTPGCNCSWPVCTRK,1
KWARLWRWFRITRWLWYIK,1
GLGSLLGKAFKFGLKTVGKMMGGAPREE,1
KWKLFKKIPKFLHLAKK,1
VSWKKSLGKIIKVVK,1
CFKFKFKFGSGFKFKFKFC,1
GLGSVFGRLARILGRVIPKVAKKLGPKVAKVLPKVMKEAIPMAVEMAKSQEEQQPQ,1
NNLLRAIEAQQHLLQLTVWGIKQLQARILAVERYLKDQ,1
LNWKAILKHIIK,1
KWKKFKKIGAVLKVL,1
SWLRDLWDWICELLSDFK,1
RGGRLCYCRRRFCVCV,1
KNLRRIIRKIIHIIKKYG,1
KKKKKKALFALWLAFLA,1
RGGRLCYCRRRFCVCY,1
FLPKMSTKLRVPYRRGTKDYH,1
KLLKKLLKWLK,1
GLPVCGETCVGGTCNTPGCTCSWPVCTKN,1
ILPWKWPWWPWRR,1
KWKSFLKTFKSAKKKVLHTALKAISS,1
ILPLKLPLLPLRR,1
GLMSVLKGVLKTAGKHIFKNVGGSLLDQAKCKITGQC,1
ILPKKWPKLPWRR,1
GLLGPLLKIAAKVGKNLL,1
RIKRFWPVVIRTVVAGYNLYRAIKKK,1
KWKLFKKIGIGAVLKVLTTG,1
RGGRLCYCRRRFCVCF,1
GLMDTVKNAAKNLAGQMLDKLKCKITGSC,1
GLLGPLLKIAAKVGSNLL,1
FLGWLFKWAKK,1
CKLLLKWLLKLLKC,1
LRRLWLRANRLLRRLWLRANRL,1
GLLDTFKNLALNAAKSAGVSVLNSLSCKLSKTC,1
WFKKIPKFLHLLKKF,1
KLKKLLKKWLKLLKKLLK,1
ILGKLLKTAAGLLSNL,1
QCRRLCYKQRCVTYCRGR,1
RGGRLCYCRRRFCVCL,1
KKLLKWLKKLL,1
TCYCRRRFCVCVGR,1
LLLKLLKLLLKLLLKLLK,1
KLKLLKLLKLLKLLK,1
KILRGVSKKIMRTFLRRILTGKK,1
LCYCRRRFCVCVGR,1
SWLRDIWDWLCEVLSDFK,1
ILPKKKPWWPWRR,1
CGESCVFIPCITSLAGCSCKNKVCYYDGGSVP,1
RGGRLCYCRPRFCVCVGR,1
FLGWLFKWASK,1
ALWKTLLKKVLKAAAKAALNAVLVGANA,1
FLPIIAGAAAKVVQKIFCAISKKC,1
GFFALIPKIISSPLFKTLLSAVGSALSSSGEQE,1
LKKLLKKLLKW,1
LKWLKKLLKKL,1
KWKSFLKTFKSAAKTVLHTALKAISS,1
SWLRDIWDWKCEVLSDFK,1
KWKLFKKIGKVLKVL,1
GIGKFLHSAGKFGKAFIGEIMKS,1
GLLSVLKGVLKTAGKHIFKNVGGSLLDQAKCKISGEC,1
FLALIGRVLSGIL,1
ILGKLLSTWAGLLSNL,1
RCYCRRRFCVCVGR,1
GVWTTILGGLKKFAKGGLEALTNPK,1
FLGFLKNLF,1
MDFIIDIIKKIVGLFTGK,1
ILPFKFPFFPFRR,1
CGESCVYIPCISGVIGCSCTDKVCYLNGTP,1
ILGKLLKTAAKLLSNL,1
GLGSVFGRLARILGRVIPKV,1
GLFTLIKGAAKLIGKTVAKEAGKTGLELMACKITNQC,1
KLLKLLLKLLKLLLKLLLKLLK,1
FKLFKKILKFL,1
ALWDTLLKKVLKAAAKAALDAVLVGANA,1
MSDFVNAISEAVKAGLSADWVTMGTSIADALAKGADFILGFFN,1
VRRFAWWWAFLRR,1
VNWKKSLGKSIKVVK,1
FLPWFSKFLGRIL,1
FWGALAKGALKLIVGSLFSSFSKKD,1
FLPILASLAAKLGPKLFCLVTKKC,1
KLLLK,1
CGESCVFIPCISTLLGCSCKNKVCYRNGVIP,1
RKCNFLCKLKEKLRTVITSHIDKVLRPQG,1
ALWKTLLKKVLKA,1
KKLFKKILKVL,1
VNSKKISPKSIKVSK,1
FLKWLFKWAKK,1
FLSLALAALPKLFCLIFKKC,1
RRRRRRAAFAAWAAFAA,1
KKKKKKALFALWLAFAA,1
RLCYTRGRFTVCV,1
LLPALISWIKRKRQQ,1
KKKKKKAAAFAAAAAFAAWAAFAAA,1
ILPWKWPLWPWRR,1
LKLFKKILKFL,1
KRFKKFFKKLKNSVKKRAKKFFKKPKVIGVTFPF,1
GASLSFKILKTVLEALGNV,1
RGGRLCYCRRRFCVCI,1
IWRIFRRIFRIF,1
SLLSLIRKLIT,1
KNLRRITRKIIHIIKKYG,1
LNLKGIFKKVASLLT,1
LCYCFRRRCVCV,1
LKWLLKWLK,1
KWKSFLRTFKSPVRTVFHTALKPISS,1
FLPLLLSALPSFLCLVFKKC,1
GFMDTAKNVAKNVAVTLLDNLKCKITKAC,1
ILGKLLSWAAGLLSNL,1
FLGSIVGALASALPSLISKIRN,1
ILPWKLPWWPWRR,1
ALWMTLLKKVLKAAAKAALDAVLVGANA,1
KWKEFLKTFKEAKKEVLHTALKAISS,1
CAESCVWIPCTVTALLGCSCSNNVCYNGIP,1
FFHHIFRAIVHVGKTIHRLVTG,1
GFLGPLLKLGLKGAAKLLPQLLPSRQQ,1
LCYCRRRFCVCV,1
KKLLKKLLKWL,1
GIWSSIKNLASKAWNSDIGQSLRNKAAGAINKFVADKIGVTPSQAAS,1
GKAHIFDLAINKYEAICNQPVA,0
AFKIAASLALKE,0
SINDLSRDDLNLVLATAAK,0
RGLPVRGQRTKTNARTRKGPKRTVAGKK,0
RIVVVDLHNPSIQGFFNIPVD,0
PVSLTSSLVFLM,0
DRATLTARLIDRPIRPLFAEGFRNEVQITSTVFSVDQDCSPEMAAMLGSSVALVIS,0
MGLELGFRELGEV,0
IDNKIAGERLTRLQTRHT,0
NPYGRAQILRFMMKTWQLVKKYRVPRFIT,0
QVDPDFRSALKRAGLLT,0
RTNVEPEWMVLRLLPVLPPELRPI,0
ERQVQELAFPGSAQDVERLLKKQR,0
TDIEKYCELMFD,0
RGTDARIDKTDRVGAAER,0
GKDYPIVRIDPKKDTAIIPFSSGTTGLFKGVCLS,0
LLNAGVPLKAPVAG,0
TEQINGLRRELFQLRFQQATRQLANTH,0
ERSTFRELLKITGIGARM,0
VTVLLKALGWTTEQ,0
HQVASSQDRVSEAEPRFS,0
SDTFREQLPMAVDMLQH,0
HGDLFTPAADLVLTSPA,0
FTSESVSEGHPDKIADQISDAVLDAILEQ,0
LALQQTMYEMGRAVIETHPEIDEIKMSL,0
GGITMEELKCS,0
HIMSEKEIMGEANCQFIVKLFKTFKDKK,0
LMVKQINRMKKEAPAPVAA,0
VAVTRHGGTMADSGSVAYLFERKGVVE,0
FGMNLGNRRKATRVPDLSRYDYHYNGSGGNSV,0
LSHSISNLSNIQENVEASKSRI,0
FKPLHELNPVRLG,0
GKTLVSRTQGTKIASE,0
HKKSGKGTAMAYDQIDGAPEERERGIT,0
LASNDGGWVTGKVIGIDGG,0
EKNRYRAEELAEERILDVLIPPAKNNWG,0
PRALLFISYAANQAVLAA,0
FTAPTRRQVLSLYKEFIKNANQFNNYNFR,0
MCILLPIIGIGI,0
SPVILRHSSVRGESVFTAHPDSHK,0
HALSLHHVCYPKPYNW,0
RGAPNCLLLADLPFMA,0
EDKQCREVTYKSKYEKGG,0
RGISMDADYVFDVR,0
IDEYDYGYCIRW,0
GLVDHVEYISSRVGWK,0
PALTPELRITAYLP,0
DTKALYLSKRAELAPCHRLKKKGSSSVRTQSSE,0
SLCRTDHLCRSRL,0
QSPFTLEANGLVLAVRLTPRASRTGLDGVRTEASGRPVLSLRVAAPPVEGAANAALTAFVAKSLGLRKAEVTLLSGET,0
VKIWFQNRRAKAKRLQEAELEKLKMAA,0
NYIRRDIYEVTRLTASAGVSYNKF,0
VVKPGRILYEIGG,0
NEKGVNPQSIL,0
VFEGSDAIIDFTVRDAFLANYKAMIA,0
YKFEVTAVSDDGKSTAST,0
LTKTSRELDGIKVN,0
LPDTIGNLSSLSRLGLRYNRLSAVPR,0
NDAEIAARLERAAHYPPFNCHTVNND,0
NPVAMAAGLKTLEIISRPGFYDELTRKTRVM,0
GTSNSTVNALGLGLATML,0
NFLHNLPFYGRAVM,0
ATLSIEENVKVIEKTVEFAKGRIPIIAGAGANAT,0
NGQPRVGQWVL,0
AGVEQVVILGESK,0
VQRELLDAAIAAK,0
TEKLVSAIGSGKYDVIICN,0
QQRDKFDLLQT,0
VILCTGDMGFGSSKTYDIEVWLPAQNTYR,0
YNGIRDMKKLPDVIWIVDTVREKI,0
PTQVKIWFQNH,0
DATVVYGVNQHLL,0
ITLYILAFMVPT,0
RAANKFPAIIYGGKEAPLAIELDHDKVMNMQ,0
KMVADMGYDINIVGVPTVRAKDGLALSSRNGYLTEEERQIAPQLSKIMWALAEKMALGERQIDALLEEAAAQLLRVGFTPD,0
FCHELPHELGDFAVLLKAGMS,0
DENGVDAELIERERAV,0
EDVPGDDTCYYAFIAYPIDLFEEGSVVNVFTSLVGNVFGFKAVRALRLEDLR,0
EYTVKSHRVHKG,0
TKTTRNSPDSISIP,0
MNNWSIKFSEYKFGDPYLHNTIGSKL,0
EVVQAAKGKAL,0
AVSVTFMDSQDTPIFEPLP,0
RSSSQRSPSPGPNHTSNSSNA,0
DIRFVTPLVNQKRREQFEQALKA,0
YAKILSERAAVDASYI,0
LNPINYSVLAGLIPKNYPGRVHEIVAILIQE,0
LQRVLNVGLLLLAAILIVFLV,0
RKEKAIPVDVA,0
ESEEERMKFFREYGLKYELEKLRVDLEN,0
YVFQDARLFAYMSVKRNLTYARWAGHR,0
KHFGRVAPHGKEWKWMMENVLGV,0
GISETITVRKI,0
TLKPCHALVDGRDV,0
VRDREMFGYMKLHPED,0
DLVKRSIKARGLVLDIDKLIYLDDKRKKLITKIGELNAKRNENSSKMQEN,0
APFEVVFVSADGSSQEMLD,0
YVNEQLAFTGDTLFSGGCGRLFEGSAE,0
YGKLLKQQVFELPP,0
PSVVAWALIVGGVLMWLLESRKATPD,0
YSMGVREQIIFPEIDY,0
LCAYVTHLPVDNYQTDAAV,0
GVRYKITLTDNSVIEV,0
ISGEPKNNWVFDIPRVASEYVNYGVLEQ,0
MQGVSLAGKELERGREAPENSPWISGQT,0
HADSSANMLGKTQSRLLIWTKNSAFEE,0
HGLKQLPGLAVQRLMQQGYGFAG,0
LVEPLQLCHESLHACGMGVIAD,0
ISVMIEVYGRSKEHDDCACDGETCTV,0
ADLDEKKHCDGDT,0
LLTRDDVMDGVPEMIPD,0
AVYLRIGALAGVVADALRFSFA,0
EGQALVEAILEQDD,0
HLLYLYRSFTSQTYMDSSTVHLFVTIIS,0
KQYQHEEDEDFYPDSMEYS,0
GVLSVTVPAKKVD,0
MVCVIASKSKSDGLKFEITKKIPISKCKLKALPGDMVSVHYTGSLAENGKVFDSSLRRNEPIQFKLGAGQVIAG,0
NHQNEHGWTALMIASV,0
MAYSQALQAFACGINPSAEMNPILLKPQGNS,0
KCIQQNITQYPIRYNEIDK,0
IQLYLSAATTAVKEGRNQ,0
IQFGWETITEALKQGGIT,0
QGQDPNFCKNEGT,0
NLPASAQTLFKAKADKKLSFEQIAQHIGRNEVAAAALFYGQAKASPEDIVKLSE,0
EKDFQQILIIRRMVEDLAF,0
GNEAAVAIELDHDSVMN,0
LREDKVEFSLSIEAIKK,0
LLPYIAEHWLGLPATRVVP,0
IPSIKLPIRLHP,0
KERQENVQKIVLE,0
EKMTIEQMALAIRYGSGI,0
APQLADLRMIAESVEIPVFAQHIDPIKPG,0
VILLVVVTCGAFM,0
YKCPMMKRIPQAKLYED,0
HLAVVWNIAGVALEDVLQE,0
VIMESSAYLIA,0
EINRPIKMMLSQISPDIV,0
AIAQFESIGRI,0
HSGTFSPQTPVPAT,0
YVGRDEAEVRAKNNLGPEV,0
FNIVEHEYF,0
ICFTCLPIKLQ,0
CTGGQHRSVYLVEQLAARFEG,0
RVPLADKPHEKTM,0
SADEKAALQKAQS,0
ALPVSAIGFEGFEKRLEI,0
TARSTKTGTAYTFFTP,0
RLPKLKGFRNRFRTEYEIVNVGDINRLFPQGGS,0
QLMVTSHQHLLEPEEGTWLNI,0
RQASQIHYDLY,0
IYAYDAKIEIQTLTGLFKGDKCHSLVG,0
MKDRRGQVIYVGKAINLRS,0
SRKEQYSNAYATLGELLNRSALPIIN,0
NLMSSVLPDGTTTC,0
ILAELFRFGKALIIDGKI,0
LNTNENPYPPSPKVLQA,0
KSKPKFYALDMF,0
ALVAKIGENINIRRVAALEGDVLGSYQHGARIG,0
IMGCYGLGITRVVAAAIEQ,0
AKLDDGQYDAIVLASAGLKRLGLISRIRH,0
TDQLQALGIKVFGPTKAGAELEASKSW,0
PVVAGLVYLLF,0
ESFQNALKTPSKKFINIGLKDEHGNFKQL,0
PYRDY,0
VDSAKIGAKTLSN,0
GIAGGLRQVAGLTDPVG,0
NNHEHKQPLPSLAIAAIGVVFGD,0
HIDEVVRRIALARFDV,0
SILSERSQDVT,0
VAKALREIHKNDK,0
RHAPWVNNIYLITNGQRPKWLNVN,0
VSDECRGKQLGKL,0
EPLKPHEVLSRLNRMGGDNGIGRLDIVENRYVGMKSRGCYETPGGTIMLRAHRAIESLTLDREAAHLKDELMP,0
HTADVILPAQTGRALAQT,0
QTEANKYQVSVNKYKGTA,0
RYGENPHQSGAFYRDVHPQPGTLATFKQL,0
LVSREVIADCIEACACGQSMDGLLVVG,0
ICEQVGDPATSKGP,0
VKQGLVSPYIGN,0
DYLRQQADVAIQQE,0
LSLLIAQIKNQDPTDPIKNSDLTSQLAQI,0
GTPSGVWENPPSAKQPSKMLVIKKISKEDPAAAFSAAFTSSGSHHANGNKVSTMVPSVYKNLVPKPAPPPSKPN,0
VGHNAHFDLNFLNA,0
MQGTVLDTLPNTM,0
KRSVSKTGTLAEARKREF,0
SNYWEALGKVECP,0
LRADVALTTASVTLPSDGE,0
LSLALSQIYSDE,0
VVIGVSIATGLGLKAF,0
EDLGISAPKSKEMKSTKSFPRQ,0
AVVMPQAASLYAMIVEFR,0
YRLARDIEIMLFDG,0
LNETLEERAHLCFSAVDCLEVL,0
LGAGLEVVDLG,0
ACGLIILQITVGYRLLLLLLL,0
KIIINRQEPLHQ,0
LTGIGFTMSLFI,0
VEYDSFLDENDWDI,0
LVQLGKLHENVLD,0
RNGPTLLSIALL,0
LLLTTNSPFFRGGDTGYASWRTTLWSRWPAAGPPPVLTSARHYHYVVDCLLASGAVLDSGMLYWYARPSHRVPTLEVR,0
KKIALIGSGMIGGTLAHIIGLKEL,0
RAPSMIDEFPILS,0
RRQAAEMGLTVLDA,0
FAFYYLCGERDSK,0
NDKTTVIALREI,0
SKREIKNLRELKIPWLRILPYIVD,0
LTALLLLLLLQ,0
ERRAKKSELVAATYAKRFAAKEACSKALGTG,0
DIDTGKSFTKQIPS,0
RILTRNIKGPIKVGDIIMLRE,0
VGLGSGSTAREF,0
RTYLKKVVAAIEAGDAETA,0
IIDLIKMKAEIYTNDLG,0
RLEEFNA,0
LKDGMDLYKTAMQELVLAQ,0
GSMRKVLVWQNLDSPRAIV,0
AFCHTRTNDYKSDKPSGKYASSTLIRKMIFEG,0
YSINNDGITLHL,0
RFNILQGTSFE,0
IQELSCVARDTKLGAEEITADIPNVGESA,0
RTKDNNLLGKF,0
KFICPCHGSQYNNQGKVVR,0
LVDFATEQNASILV,0
YWHAFAREKGVQNVHTR,0
VSDTVVEPYNAT,0
EGQTISDEAIEQAVEGAEKELD,0
GELKNTSRFLLVKKSIARIKTE,0
NFIVCISAQQNSPKIHEGWWAY,0
IKEVRAITNLGLK,0
VEVLAYGVCLTAEQVFIDRRL,0
EYNPGDGAFYGPKLDFVVKDA,0
PNLSGFVSWKMALSISVGVLV,0
VTQDLSENIILTTVDDLHNWARLSSLWPLLYG,0
VKTREEVAYVLT,0
FEQTGGPDLTTGSGKRTKSDRVEHKHASQ,0
RGTFTEARDFNLMFKTSHGASAEDSL,0
NVFREPNVATECRSNCF,0
KYIQCWSQDSTETGYVNIKEL,0
LNSNIDKIPFHPYF,0
SLPDEDVADIQHTEEFLIKPESRVAQLDTSQWPLLLKNFDKLNVLTTHYTPLPSGANPLKREISDYVRSGFINLDKPSNPSSHEVV,0
VSQEDRKSYNWKQR,0
FREREQAMIAELCE,0
EERRGIHQDAPEFADQSTEAEVLV,0
ANAIEFDVDFDDDGVAKY,0
FSLDGKGPYDDPNV,0
AINALQAASATGD,0
EAAIRS,0
RSAGSNIDLGVPFYPLVAI,0
DKYRVLAGNDGTVSYLSLLDQL,0
RRKDTPYTAEQRE,0
LPFFINHGGEY,0
SKWVGDAEKIVRAL,0
IGMGERTSHQAIGQVARALFAKGAAQRV,0
QYPDAFLFFRLGDFYEMFFDDAIKAAQELEITLTSRDGGGEERVPMCGVPYHSAQGYIEQL,0
MTDKYKERRFDTYGYEK,0
SPSSTEKGKETLRS,0
PVHMTTAVFFDFG,0
MTFQSRFGREPWLMPYTDE,0
IITNIRADDIINTANKIFSGTTTLAIIGP,0
KRRKKDDISLEELFQSLPREKDYFMMDA,0
SRLKATQSQVF,0
VTRAKQIVWNGPV,0
RANALLANGVELTDNQLKVPSDGLYLIYSQVL,0
HDVLYEPPVGITIAVPKPT,0
MSKSLGNVILPADVVKNL,0
SSGNEENKKEEDSDEI,0
GSPVILESLFIPEPVISV,0
LTKWQRGYERAITE,0
YATQLNPAFYSVEVRITV,0
LSVMHSEKLHVDPDNFRLLADCITVCVAAKLG,0
GRTLSGQTGEGFVISVSHGEPLCIGLNCALGAAEMRPFIEIIGKCTTAYVLCY,0
SFISGADVCFVKWYPSEQY,0
GDKKPTQESDPDC,0
TSLFSLSMGCVTWLERYF,0
FLPGHACPAASLAAFSPYLPGDPG,0
NREDAAQAAEERSETRTPPEA,0
EWAMKAKGIDNNNGSGER,0
ASVAKSPQTKEHLYHAA,0
IPGGVDQGKLQEYY,0
PTLIVYTIIVPEIRKELQRLVDMWDIPA,0
FAEVPKLCGHIHLPAQSGSDAVLARM,0
IDVLDETAHKKAIRSVAWRPHTSLLA,0
PARFSHSSYLTFPSSGAFYDFVTD,0
FRTLAQDVLGTTQVPYGDEVFDFGKPF,0
VTVLTDT,0
VESFDQFVILLKNTVSQMVYKHAISTV,0
NELPEPEQDNGGATESVKEQEMKW,0
EAGLAALRAERAKNDRMSGREL,0
DIALLTTFRTKGE,0
LALTLAPCAQAAEPIEGKTVYIDAGHGG,0
GLVAAVSVGIVKGEALCDLEYVEDSAAE,0
TTFEKGRCIQANYSLKENGKIKVLNQELRADGT,0
NPCPILMFSSLTHEGATA,0
SRNNSSSNSGST,0
EGLSSPIFEDHIQT,0
PTLISRLADRFGVQAIVVGIDSWFEQETG,0
PDRMRKLLAHRDQIARLKRKV,0
DYMKKLVTRLEENNPSEVEVFKTNINK,0
PEVLPPLFGTILDPVNSSAYIPDHNR,0
FEVGTKPVTQTPQA,0
LKANKYQIKKAVKELYE,0
TKKEAVVKTSSSPKKKVSQAKK,0
VLILFIAALLAYALYDQFIMPRRNGPTLLSIALLHRGRVDSVIFVGL,0
NIGQAVDRVEQRVEMISD,0
VVNLWALHHNEKEWQQPDLFMPERFLDP,0
TLGIIFFAIFFREPPRIS,0
SECEMRYQDCGEASSCTALIEECKTSL,0
RQIWKFECKATVDGKAVCSAE,0
KTYDKRESIAKKDQERNL,0
STVGVPRTLPRLAELAMER,0
TLEERLGSLTSI,0
CFYSCTWQDYPDKKSLYEKAT,0
FSALFGMEKSIFRQLKIY,0
DGQDPTELYELVLSEIEHP,0
IAEDFVIFSTPNFGYI,0
AKQIAQPLHLGITEAGGARAGSV,0
NPIGGNDLSLNA,0
QVHSSARAPLSRS,0
AVDPQQNAVVSP,0
STAGIAEHLPAV,0
QSGEETERCFCGTPPHCKAAELV,0
TAAFIDLSGPKDEVSAALDRVMSDEIVLD,0
NRDAKKLQDYGDITYHSKKHR,0
TRLESGDLPLEE,0
KERQKKDNHNLIERRRRFNINDRIKELG,0
GKVIACDILPMDPIVG,0
IFLAMIHFYQRFISPLT,0
KFGKSTGGGNLWLDPE,0
RFDLVLVAARRARQMQSGGKDALVPE,0
VSCTYCAYNCG,0
AAALRGDKQSQSAT,0
GADEKFLERVEEEELTVDGLPE,0
VITVLTADFAQPNGYGRIVKDGDGFIKRIVEE,0
RDGRMHFTVIREGRAPLAVVLNLPGL,0
RIIKCGYRDGDNAPMAIV,0
GNFTDKDPCAICSNPNRNKSIIC,0
VDLTLDEKGENGVGELSSEYNRLQEKFEE,0
PEEERRKWEEGRIDYMGKDAF,0
GLTRSRQILAKTGINPD,0
EKQFRNTFKIARKKSGNTAENL,0
DGEMGILPGHINLIAPLNVHQMKINRS,0
VARNELRAIPYVGM,0
AIDLNASGHPEF,0
YVEMSAKEHEFACE,0
AKYPIKPIKLDVENKQVVGDLYNGLYRKRQL,0
EKDFKIKEKPKEE,0
NTTMFMDVG,0
MVHEELNNKPYVINDLVGA,0
EQVFIPLTVGGGVRTPDDV,0
EIKGAIRKLTIASEIYPVLCGSAFKNKGVQPMLDAVVDYLPSPLDVPPAIGHAPAKEDEEVVRKATTDEPFAA,0
TVYVSNEFNFLN,0
QAIVGGNFDETQVSSAAMKAWLAFWAS,0
KVAGSDKPASVP,0
AAKFLNLEAITWANTRDTLGKHAI,0
GQYGMPGNYQSMSSQSGQHQGN,0
IDSESDIDDSETDDEEELENPIK,0
LLYLFLAILLAIEEPVISG,0
SAPGLKIHAKLFLISRLENDEIVRYAHIGTGNFNEKTARIYTDYSLLTADARITNEV,0
SVEDALAILKYAPQAASEPVAKVVASAA,0
YQIDQLSKMTYKNKSLNIHDLTA,0
KIPVVAAIHGACLGGGLELALACHQRV,0
VKRIIETEHFRVERVIGRYDKMIKIT,0
FGKNTTISVKGRHDPCVGIRAVPVGEAMMNCVLL,0
TTCRGYGPDFGLPALRQKLSED,0
FTDSIAIGLIVLPNDLEHD,0
PYPAMPTDMQAQFM,0
HGAPEQAYGIIAASGENGATLHYMKNNE,0
KNQEAFVNLGVVLNTAMTGQESEK,0
AQSIPHDSPAHGEGTHCEEEGFAEDD,0
FFLGTINLSLCEE,0
TRVLLTVLIAFTKKETS,0
TCSKKKADRKSF,0
TMMADWANDDVNLFGWREE,0
ASSISQKAAVAALGLGYAG,0
SAKARRGGKKTFNPKKR,0
SHGLEFINLSTEGENEYKEKQG,0
GYGQGGQGPYGGQGGFGGYGGLGGQAGFGGQIGFNGQGG,0
GQPLDINMAGEPK,0
GKVI,0
DSYWYLVGLASWS,0
QALSSGATVEQARQELVAKIGENIKLR,0
GVYPSHWRVNGQVLQQI,0
QSQHYMQKAKEAGFKVKIHADEIDPLGGLELAIDEQAISADHLVASSDKGKEKLRNSDTV,0
KVELLPENSEFKPIVV,0
ACGVPVVRNVALARSIYRNSPRRYSFVSHDDIDGVMRVLIWLGEV,0
VKWMLESLAIARYM,0
ISDKISAAMLYVPR,0
GCFAAGTRRPNNDYTL,0
ASSTPSRVFKG,0
VDRDDDLKIGVKSTAVLF,0
MVIKKPIEVRDGNKFVRLTPTKEP,0
WLLEYAPSRLTGTGACVFAEFDTE,0
SSRALVLDRDGQVK,0
APAVAFDHLDDMHQAFLQ,0
KGVHCHIGSQIEGTEAFIETAKI,0
ADERREFAVSMLRD,0
MFKVRVIPCLDVK,0
EKIFQNPTDEEST,0
NNKFNHFIMTKLAEAGIPTQMERLLSD,0
PEQDSGRKYQQNVQ,0
DPLEPKTSKTAKAIYRWYVQNSSAVSG,0
FGGTASGPMPLISMLLDINEVLNNKAGGRLTSVDAADICNLIGKAVV,0
NDILPGEVEKWQFLEQL,0
LEIMLFGDEKK,0
VKLQGKEVGVYEALKDD,0
LSQLSTLLFQA,0
TQSEYYNHAIDWQTGPG,0
GYYGDVTEKQFRRSYDDASKLKGDTSQ,0
DGVRYSPLRIVQELNAAAGAHG,0
DQEEALTMSDT,0
DYGNHPLPRLQDYQQQGAQVLHLVDLT,0
RTNIESSIDFSE,0
SIISYMNIDPMKSSFFLIFSLLFSMP,0
AAEQAVARERSSARERAAPAYKEDHPY,0
IYDEAGSLTRHLKDAFADGVDNLILDGEMITWNTEQDAPEPFGTLKTAALSEQR,0
DYELIVLLGLDPSVKRYMMYHQGCFAGGT,0
LTKEEAIKTAMTLWKEI,0
SNYDAPSHLFIKV,0
FAGPLGVLQPLA,0
DDEPDADDIED,0
STLASEGSYGEKGVESFTQISKEAGGLCIAQS,0
TFRQKGTEEFV,0
KQHISSRRHKDRASGKPPKPKY,0
VLLFERELHTVHGYPSTFASCMHI,0
LSLLKRGRSLCDYLVL,0
EELSNKISDPSVMA,0
TEQRNPNSMNIDQ,0
VGMHDKLFKRARVMYEIERDIS,0
VGVHVIGDGADEMLQGFAVAV,0
YCPQSSRYKTG,0
PKEIVLMLCQAFGIIYPSFHSFI,0
SNPLELDKRSAELDTATWQ,0
SDSGTAIFLMHG,0
ITEPDILASLDELIGRWAKEREAG,0
KAEVNCIGGKCPEGKKNCNCMPPIAHV,0
ISVEDIKNTLGNTDIIKN,0
HKTFATPHGGGGPGAGPVAVNDK,0
AIRITHLPTGIVVECQDERSQHKN,0
ASQTDMLDDPDQ,0
GDKIRALHMILEM,0
TERAVPVCGHLG,0
TKLYSYQGKYYLN,0
AMVVGPIGMYFITVNSGASSTVA,0
RAAGQLLVPPRPR,0
WAITFLIIAIVAAVLGFGGIAGTATG,0
LLRVRDDDIPGLVMDG,0
LTIDNYREHDQK,0
SGGLSGAPVFEKSTECLRLFAQ,0
QKLPRDASPVRVRS,0
DLRNIAQLGYDESEDQEELEM,0
GGPLEHVIAAKAVAFGECLQPEYKEYQ,0
IPILKDVDAFQTE,0
AIKQGAARALCELSPDNR,0
GFLYVASGPLVRSSYR,0
VEVPDKPMYVKTHKGD,0
VREAGDLALWVPSLAALLLTAAAFQIPRR,0
DALDSWLAEMKQELGPH,0
KSIETEVFLLLKIL,0
NLTKEEIKKLYGFVDSYVEPKNY,0
DALRGAMLSKDPTTGETH,0
LVNPAKTLSKADLEANGMA,0
RLQSIAEVSYEFIASTLQ,0
GGEIPDDPEEFEELMTGFY,0
EDERIAAENLAKEIVSLKDLATKL,0
KIVVEAFDDPDVKNVTCYVSRAKTGGI,0
NQGPCYDSSAVSSD,0
IGGVLTGLGLPPQTIGE,0
PVDLHITGLEQLG,0
QAGFFLLTRILTIPQS,0
RKRTEFAGAKFKESKVFEANEEAL,0
TDTILNQKGQNVI,0
LLSCVLSDQYCP,0
VRRALLSVSDKAGI,0
TSRTRVRRSGISPLHLAAERN,0
VYLDGTELDFVKEGLNEGFKFNNPNVSNECGC,0
GPARYVHVAETGGKLG,0
AVDQPAVEATAPIEPVQATPAQRFPTLRYLGQV,0
LANTVRVTLGPKGHPVALERKWGA,0
RAHLDDYVIGQDHAKK,0
FSAQLEKEYKVKINPASMFDV,0
CDQLGLTLLNFHPGSHLQQVSEEACLAT,0
HSSGTVILDQLGEEHMKTGKPIFYTSADSVFQIA,0
DGSQDSPIFMYAPEFKFM,0
SSYTANLAAFLTVQRMEVP,0
LKAAKISKGSQ,0
KYDHLKDKAVVTYCTGGVRCEVLSSL,0
RAFDHYWPRFGV,0
THSDYNTYSAQACA,0
QAAQPVVEPVV,0
AVQQLSLAPGE,0
TYDNIKAMKKQLRSIGLSLDWSR,0
LEIEGAMALLMKDAIKPNL,0
DKYRVGAVLKEIES,0
KRFKRTGNGGLKR,0
IGVAFAHAIFWSITASLAIRMAPAGKRAQ,0
ANCAGLKVGVGGNIGYPV,0
AINDLLDAEYMA,0
GRVAGVDEVGRGPLAGPVVAAAV,0
GKEAQLRQLNELVRNL,0
EEPQEGGEEEEEEEEE,0
LVHILSQMEDKGIRSAMI,0
QDMDKDIGNCYLM,0
ARNEDKQGKGA,0
YERSLAVITAARDYGLVTKSNLILGM,0
EILLAPFKDAGKKFVHL,0
QGLEDSKRSKSLLPDHTSD,0
TIQTFGDAVKFISE,0
HQPESLDWFNVLIAQTIAQYRQTAYILKDSPTSS,0
KNMASTTPDRQQACRCLQ,0
KMEDIVASIKAGYECGKKHNIIVLAE,0
LHNFNSKIQAVVQHSGVK,0
REISTITPRFTVVEKDPKLASFIRNEYP,0
PDFGY,0
IQQETGGITELIPLPFMSKNNELGRYAK,0
AKGGNGGFGNAYF,0
LTLRPAPANTGVIYRRTDLNPP,0
YAGKNCPNGEVL,0
CTYDADTLSKDPADGR,0
GEFAIARKNVSINEAV,0
WRDWLAQKDGLD,0
LNKLLGSVVISQGGVLPHIMAEL,0
IVCPLIQNDGAYLLCKMADDRGVFPGQW,0
DLLKVHSRVQFFRKLE,0
SCQALILAPTRELAQQIQ,0
QRHPFKPKLHHID,0
ARAVAGSDLSRRIELDGP,0
ALREKFAFPVVGVVPA,0
DVTSLMLGPMVAACGGYVPMIS,0
EGYDFVDHQRQPLAKPA,0
YLNRGHMLRAHTSAHQWDLLHAGLNA,0
VEPPENPLFVLSDHHDFTDEE,0
DLVIGAINDAMARAQQLAAER,0
LGRLAARRGEKSATVAS,0
MVAWSHVTVGGKPILQILEEQKERFGE,0
DKINAKQIKRHTY,0
QRAVYKDLVLLLQKDSLL,0
DKINAIATKIYGADGV,0
MSWVRQAPGKG,0
IYEDAA,0
AVIELVDFAEAPAAAPKAA,0
IAGNLNLSFPYVEGESII,0
DHIADVLPSEARHIEELRRGLLDTARSYGYELVMPPLLEHLESLLT,0
DPFRQGSGRPFS,0
PRQLTHDAGLTVDDIAKRLMDYG,0
SQDSDLLELYCGN,0
CGLGFKAFWEEETGFHYDLFDKIDPKLS,0
VGIGEAPDAADFKDEGSHTLRHTLEG,0
REGTDLFLKSG,0
LDTQMFGLQKEVDFAVQL,0
LQKKNEQKKRPKPILLKIAPDLTDEQLM,0
WMGLDIGPDAVKVFQDALGDC,0
