sequence,label
FVGPVLKIAAGILPTAICKIYKKC,1
FLPAIVGAAAKFLPKIFCAISKKC,1
LKIPGFVKDTLKKVAKGIFSAVAGAMTPS,1
RWCVYAYVRVRGVLVRYRRCR,1
PKLLKTFLSKWKKIG,1
FLPAVIRVAANVLPTVFCAISKKC,1
FLPLIASLAANFVPKIFCKITKKC,1
KAVAAKKSPKKAKKPATPKKAAKSPKKVKKPAAAAKKAAKSPKKATKAAKPKAAKPKAAKAKKAAPKKK,1
PKLLKTFLKWIG,1
GWMSEKKVQGILDKKLPEGIIRNAAKAIVHKMAKNQFGCFANVDVKGDCKRHCKAEDKEGICHGTKCKCGVPISYL,1
RWCVYAYVRVRGVGVRYRRCW,1
GLWDTIKQAGKKFFLNVLDKIRCKVAGGCRT,1
RSTEDIIKSISGGGFLNAMNA,1
NGVQPKYRWWRWWRRWW,1
LVQRGRFGRFLRKIRRFRPKVTITIQGSARF,1
FLPIVASLAANFLPKIICKITKKC,1
GIINTLQKYYWRVRGGRWAVLSWLPKEEQIGKWSTRGRKWWRRKK,1
FFGHLFKLATKIIPSLFQ,1
FLGALIKGAIHGGRFIHGMIQNHH,1
GFCIPIRCPGHTRQIGTCFGPRVKSCRKW,1
GDACGETCFTGICFTAGCSCNPWPTCTRN,1
FLPGLIKVAVGVGSTILCKITKKC,1
GLPVCGETCFGGTCNTPGCSCTWPICTRD,1
GYGCPFNQYQCHSHCSGIRGYKGGYCKGTFKQTCKCY,1
FLPIIAGMAAKVICAITKKC,1
LLGDFFRKAREKIGEEFKRIVQRIKDFLRNLVPRTES,1
GYPICGESCVGGICNIPGCSCSWPVCTTN,1
RRRCPIVVIRVCRR,1
GIGKFLHKVGSFIKSWKGEIMNS,1
GLLSVLKGVLKTTGKHIFKNVGGSLLDQAKCKISGQC,1
SLGNFFRKARKKIGEEFKRIVQRIKDFLQHLIPRTEA,1
KRFWPLVPVAINTVAAGINLYKAIRRK,1
GVGKFLHSAKKFGQALVSEIMKS,1
GIMNTVKDVATGVATHLLNMVKCKITGC,1
FLFKLIPKAIKKLISKFK,1
LLLFLLKKRKKRKY,1
KKLIKKILKIL,1
GWRTLLKKAEVKTVGKLALKHYL,1
FLGAIAAALPHVINAVTNAL,1
GGYYCPFRQDKCHRHCRSFGRKAGYCGGFLKKTCICV,1
GEILCNLCTGLINTLENLLTTKGADKVKDYISSLCNKASGFIATLCTKVLDFGIDKLIQLIEDKVDANAICAKIHAC,1
GGLFYVKHKEQQRKRF,1
GVWSTVLGGLKKFAKGGLEAIVNPK,1
SMLSVLKNLGKVGLGFVKCKINKQC,1
ALWKTMLKKLGTMALHAGKAAFGAAADTISQ,1
GKGRWLERIGKAGGIIIGGALDHL,1
GLWNTIKEAGKKFAINVLDKIRCGIAGGCKT,1
FLPVLAGLTPSIVPKLVCLLTKKC,1
FLGSLLGLVGKVVPTLFCKISKKC,1
GLNALKKVFQGIHKAIKLINNHVQ,1
RWCVYAYVRVRGVLVRYRRCS,1
IISTIGKLVKWIIKTV,1
PICTRNGLPVCGETCFGGTCNTPGCTCTW,1
FIHHIIGGLFSAGKAIHRLIRRRRR,1
GLLSVFKGVLKTAGKNVAKNVAGSLLDQLKCKISGGC,1
PICKRNGLPVCGETCTLGTCYTQGCTCSW,1
GAFGNFLKGVAKKAGLKILSIAQCKLFGTC,1
RKGWFKAMKSIAKFIAKEKLKEHL,1
MWKWFHNVLSWWWLLADKRPARDYNRK,1
SMLSVLKNLGKVGLGFVACKINKKC,1
GWKSVFRKAKKVGKTVGGLALDHYL,1
GFSSIFRGVAKFASKGLGKKLAKLGVKLVACKISKQC,1
GILDSFKGVAKGVAKDLAGKLLDKLKCKITGC,1
INWLKLGKKMMSAL,1
GIFSKLGRKKIKNLLISGLKNVGKEVGMDVVRTGIDIAGCKIKGEC,1
IIGAIAAALPHVINAIKNTF,1
KPPQFTWAQWFETQHINMTSQQSTNAMQVINNYQRRSKNQNTFLL,1
GFGCPFNENECHAHCLSIGRKFGFCAGPLRATCTCGKQ,1
SIGSALKKALPVAKKIGKIALPIAKAALPVAAGLVG,1
LDVKKIICVACKIRPNPACKKICPK,1
GIGAVLTTGLPALISWIKRKRQQ,1
NGVQPKYRWWRWWRRWWW,1
AGWGSIFKHIFKAGKFIHGAIQAHND,1
FFHHIFRPIVHVGKTIHRLVTG,1
KWRRWIRWL,1
GAFGNLLKGVAKKAGLKILSIAQCKLSGTC,1
KWKLFKKIFKRIVQRIKDFLR,1
RWWRWWRRWWRR,1
GWKKWLRKGAKHLGQAAIK,1
INLKAITALAKKLL,1
RRGWVLALVLRYGRR,1
KRLFKELKFSLRKY,1
KLKFKLKQ,1
FFGTALKIAANVLPTAICKILKKC,1
SIGSALKKALPVAKKIGKIALPIAKAALP,1
GLPTCGETCFGGTCNTPGCSCSSWPICTRN,1
KKLFKKILKYLAGPAKKLFKKILKYL,1
AVDLAKIANKVLSSLF,1
GLKALKKVFQGIHKAIKLINNHVQ,1
SLWENFKNAGKQFILNILDKIRCRVAGGCRT,1
GIPCGESCVWIPCISSAIGCSCKSKVCYRN,1
FLPLIASVAANLVPKIFCKITKKC,1
KLLLKFKKLQ,1
IGKLFKRIVQRIKKFLRNL,1
GVWSTILGGLKKFAKGGLDAIVNPK,1
DSMGAVKLAKLLIDKMKCEVTKAC,1
VRRFGWWWGFLRR,1
LLLLKFKKLQ,1
SIGTAVKKAVPIAKKVGKVAIPIAKAVLSVVGQLVG,1
LLSLALAALPKLFCLIFKKC,1
GSKKPVPIIYCNRRSGKCQRM,0
GLLSGILGAGKHIVCGLSGLC,0
NILSSIANGINRALSFFG,0
ALLHHGLNCAKGVLAALLHHGLNCAKGVLA,0
RIIDLLARVRRPQKPKFVTVWVR,0
SIMSTLKQFGISAIKGAAQNVLGVLSCKIAKTC,0
MASRAAGLAARLARLALRAL,0
SWSSFFKKAAHSGKHVGKSASTHYL,0
ILPAKAPAAPARR,0
EWFKARRWQWRMKKLGA,0
KKLFKKILKYLGIGKFLHSAK,0
KWKLFKKIGIGKFLHSAKKF,0
CVKVSVKVGSGVKVSVKVC,0
FLPIASLLGKYL,0
GIFSKLAGKKIKNLLISGLKNIGKEVGMDVVRTGIDIAGCKIKGEC,0
KWKLFKKIPHLAKKF,0
GLPRKILCAIAKKKGKAKGPLKLVCKA,0
GLPVCGETCVGGTCNKPGCTCSWPVCTRN,0
RLGDILQKAREKIEGGLKKLVQKIKDFFGKFAPRTES,0
GLPRKILAAIAKKKGKCKGPLKLVAKC,0
GLPALISWIKRKRQQ,0
GFFALIPKIIS,0
KWKLFKKIPKFLHLAK,0
GVIIDTLKGAAKTVAAELLRKAHCKLTNSC,0
KKTWWKTWWTKWSQPKKKRKV,0
LGRVDIHVWDAVYIRGR,0
GLLDSIKGMAISAGKGALQNLLKVASCKLDKTC,0
GILDTLKQFAKGVGKDLVKGAAQGVLST,0
FKKLKKIANIINSIFKK,0
KDGYIIEHRGCKYSCFFGTNSWCNTECTLKKGSSGYCAWPACWCYGLPDNVKIFDSNNLKC,0
GSKKPVPIIYCNRRKCQRM,0
ENAEEDIVLMENLFCSYIVGSADSFWT,0
FVGALFKALSKLL,0
RWCVYRYVRVRGVLVRYRRCW,0
FLGALFKVASKVLPSVFCAITKKC,0
VKKFPWWWPFLKK,0
NWCKRGRKQCKTHPHFVIPY,0
KAYSTPRCKGLFRALMCWL,0
LCYTHHHFTVCV,0
KKTWWKTWWTKW,0
GKKLFKKILKYLAGPAKFLHSAK,0
RRSKARGGSRGSKMGRKDSKGGSRGRPGSGSRPGGGSSIAGASRGDRGGTRNA,0
LCYTFRPRFVCV,0
ILPWKAPAAPARR,0
FVLPLVMCKILRKC,0
CYCRRRFCVC,0
FDLLGLVKKVASAL,0
GVFDIIKGAGKQLIARAMGKIAEKVGLNKDGN,0
RLEKLFSKIQNDK,0
RLYRRLYRRLYRRLYRRLYRRLYRRLYRRLYRKKKKKKK,0
RLYRRLYR,0
AVVKVPLKKFKSIRETMKEKGLLEDF,0
RRRRRRRRRRGIGKFLHSAKKFGKAFVGEIMNS,0
GFFALIPKIISSPLFKTL,0
GRIKRIRKKIKKLIKKLS,0
AKKVFKRLGIGAVLKVLKKG,0
KKKKLFLLKQ,0
AKKVFKRLEKLFSKIQNDK,0
RRWQWRMKKLG,0
HFLLTLVNLAKKKL,0
GILDTLKQFAKGVGKDLVKGAAQGVLSTVSCKLAKTC,0
GSKKPVPIIYCNRRTGKCQRM,0
CYCRRRFCVCVGR,0
AALKGCWTKSIPPKPCFGKR,0
AKKVFKRLRKLFKKI,0
LGRVDIHVWDGVYI,0
FLGALFKALSKLV,0
GLPALISSIKRKRQQ,0
RWCVYAYRRVRGVLVRYRRCW,0
KLKLKFLKKQ,0
KVFKRLEKLFSKI,0
FLGALFKWASK,0
KWKLFKKIGKVLKKL,0
RGGRLCYCRRRFCVCE,0
GVFDIIKGAGKQLIAHAMEKIAEKVGLNKDGN,0
WCPPMIPLCSRF,0
CYCFRRFCVC,0
KPLLKKLLKKL,0
GYNYAKKLANLAKKFANALW,0
KKKKKKKKKKGIGKLFLHAAKKFAKAFVAEKMNS,0
GILDTLKQFAKGVGKDLVKGAAQGVLSTV,0
GLLKPLLKIAAKVGSNLL,0
FLLFPLMCKIQGKC,0
RRRWWW,0
LKLKLFKKKQ,0
GWFDVVKHIASAV,0
DAACAAKCLWR,0
KKLFKKILKYLKDEL,0
ENMFNIKSSVESDSFWG,0
GLPVCGEKCVGGTCNTPGCTCSWPVCTRN,0
DSHAKRHHGYKIKFHENHHSHRGY,0
WKLFKKILKVL,0
RKKWFW,0
VVCACRRALCLPLERRAGFCRIRGRIHPLCCRR,0
QAKIRVRLSA,0
CAKAKAKAGSGAKAKAKAC,0
LVQRGRFGRFLKKVRRFIPKVIIAAQIGSRFG,0
VDIHVWDGV,0
QKAVLDCLKAAGSSLSKAAITAI,0
GILDTLKQFAKGVGKDLVKGAAQGVLS,0
